[{"model": "timetracking.project", "pk": 1, "fields": {"parent_id": 0, "order": 0, "name": "MosYs", "last_update": "2018-03-02T12:36:56.470Z", "visible": true}}, {"model": "timetracking.project", "pk": 2, "fields": {"parent_id": 0, "order": 0, "name": "Milestone Manager", "last_update": "2018-03-11T16:36:07.887Z", "visible": true}}, {"model": "timetracking.project", "pk": 3, "fields": {"parent_id": 0, "order": 0, "name": "Timetracking", "last_update": "2018-03-12T14:01:13.388Z", "visible": true}}, {"model": "timetracking.project", "pk": 6, "fields": {"parent_id": 0, "order": 0, "name": "Factory 4.0", "last_update": "2018-03-05T18:07:11.400Z", "visible": true}}, {"model": "timetracking.project", "pk": 7, "fields": {"parent_id": 0, "order": 0, "name": "HS", "last_update": "2018-03-15T18:42:11.590Z", "visible": true}}, {"model": "timetracking.project", "pk": 8, "fields": {"parent_id": 0, "order": 0, "name": "Production Management", "last_update": "2018-03-08T21:19:44.829Z", "visible": true}}, {"model": "timetracking.project", "pk": 9, "fields": {"parent_id": 0, "order": 0, "name": "test", "last_update": "2018-03-11T17:02:02.412Z", "visible": true}}, {"model": "timetracking.tracking", "pk": 24, "fields": {"project_id": 1, "user_id": 1, "start": "2018-02-28T18:44:33.585Z", "stop": "2018-02-28T18:44:44.379Z", "time": 10}}, {"model": "timetracking.tracking", "pk": 25, "fields": {"project_id": 3, "user_id": 1, "start": "2018-02-28T18:45:31.450Z", "stop": "2018-02-28T18:47:08.768Z", "time": 97}}, {"model": "timetracking.tracking", "pk": 26, "fields": {"project_id": 3, "user_id": 1, "start": "2018-02-28T18:48:45.920Z", "stop": "2018-02-28T18:48:52.205Z", "time": 6}}, {"model": "timetracking.tracking", "pk": 27, "fields": {"project_id": 3, "user_id": 1, "start": "2018-02-28T18:48:56.905Z", "stop": "2018-02-28T18:49:24.933Z", "time": 28}}, {"model": "timetracking.tracking", "pk": 28, "fields": {"project_id": 3, "user_id": 1, "start": "2018-02-28T18:49:46.285Z", "stop": "2018-02-28T18:49:49.410Z", "time": 3}}, {"model": "timetracking.tracking", "pk": 29, "fields": {"project_id": 2, "user_id": 1, "start": "2018-02-28T18:49:50.409Z", "stop": "2018-02-28T18:49:53.881Z", "time": 3}}, {"model": "timetracking.tracking", "pk": 30, "fields": {"project_id": 3, "user_id": 1, "start": "2018-02-28T18:49:54.402Z", "stop": "2018-02-28T19:01:17.325Z", "time": 682}}, {"model": "timetracking.tracking", "pk": 31, "fields": {"project_id": 3, "user_id": 1, "start": "2018-02-28T19:04:39.463Z", "stop": "2018-02-28T19:13:04.612Z", "time": 505}}, {"model": "timetracking.tracking", "pk": 32, "fields": {"project_id": 3, "user_id": 1, "start": "2018-02-28T19:15:35.702Z", "stop": "2018-02-28T19:15:40.994Z", "time": 5}}, {"model": "timetracking.tracking", "pk": 33, "fields": {"project_id": 3, "user_id": 1, "start": "2018-02-28T19:17:11.204Z", "stop": "2018-02-28T19:18:14.345Z", "time": 63}}, {"model": "timetracking.tracking", "pk": 34, "fields": {"project_id": 3, "user_id": 1, "start": "2018-02-28T19:19:04.666Z", "stop": "2018-02-28T19:22:16.209Z", "time": 191}}, {"model": "timetracking.tracking", "pk": 35, "fields": {"project_id": 3, "user_id": 1, "start": "2018-02-28T19:23:20.566Z", "stop": "2018-02-28T19:32:02.741Z", "time": 522}}, {"model": "timetracking.tracking", "pk": 36, "fields": {"project_id": 3, "user_id": 1, "start": "2018-02-28T19:33:54Z", "stop": "2018-02-28T20:46:27Z", "time": 4352}}, {"model": "timetracking.tracking", "pk": 37, "fields": {"project_id": 3, "user_id": 1, "start": "2018-02-28T20:47:11.693Z", "stop": "2018-02-28T20:47:50.008Z", "time": 38}}, {"model": "timetracking.tracking", "pk": 38, "fields": {"project_id": 4, "user_id": 1, "start": "2018-02-28T20:47:50.614Z", "stop": "2018-02-28T20:48:01.175Z", "time": 10}}, {"model": "timetracking.tracking", "pk": 39, "fields": {"project_id": 3, "user_id": 1, "start": "2018-03-01T18:46:21.154Z", "stop": "2018-03-01T18:57:17.665Z", "time": 656}}, {"model": "timetracking.tracking", "pk": 40, "fields": {"project_id": 3, "user_id": 1, "start": "2018-03-01T18:57:27.250Z", "stop": "2018-03-01T18:57:27.579Z", "time": 0}}, {"model": "timetracking.tracking", "pk": 41, "fields": {"project_id": 3, "user_id": 1, "start": "2018-03-01T18:58:19.730Z", "stop": "2018-03-01T18:58:25.505Z", "time": 5}}, {"model": "timetracking.tracking", "pk": 42, "fields": {"project_id": 3, "user_id": 1, "start": "2018-03-01T18:59:08.860Z", "stop": "2018-03-01T18:59:16.570Z", "time": 7}}, {"model": "timetracking.tracking", "pk": 43, "fields": {"project_id": 3, "user_id": 1, "start": "2018-03-01T18:59:36.854Z", "stop": "2018-03-01T19:01:02.046Z", "time": 85}}, {"model": "timetracking.tracking", "pk": 44, "fields": {"project_id": 3, "user_id": 1, "start": "2018-03-01T19:01:35.317Z", "stop": "2018-03-01T19:01:42.344Z", "time": 7}}, {"model": "timetracking.tracking", "pk": 45, "fields": {"project_id": 3, "user_id": 1, "start": "2018-03-01T19:02:17.221Z", "stop": "2018-03-01T19:02:23.031Z", "time": 5}}, {"model": "timetracking.tracking", "pk": 46, "fields": {"project_id": 3, "user_id": 1, "start": "2018-03-01T19:03:47.663Z", "stop": "2018-03-01T19:03:51.616Z", "time": 3}}, {"model": "timetracking.tracking", "pk": 47, "fields": {"project_id": 3, "user_id": 1, "start": "2018-03-01T19:04:36.593Z", "stop": "2018-03-01T19:04:40.511Z", "time": 3}}, {"model": "timetracking.tracking", "pk": 48, "fields": {"project_id": 3, "user_id": 1, "start": "2018-03-01T19:06:08.269Z", "stop": "2018-03-01T19:07:24.454Z", "time": 76}}, {"model": "timetracking.tracking", "pk": 49, "fields": {"project_id": 3, "user_id": 1, "start": "2018-03-01T19:07:29.654Z", "stop": "2018-03-01T19:18:31.965Z", "time": 662}}, {"model": "timetracking.tracking", "pk": 50, "fields": {"project_id": 3, "user_id": 1, "start": "2018-03-01T19:18:35.507Z", "stop": "2018-03-01T19:21:55.416Z", "time": 199}}, {"model": "timetracking.tracking", "pk": 51, "fields": {"project_id": 1, "user_id": 1, "start": "2018-03-01T19:21:55.912Z", "stop": "2018-03-01T19:22:00.257Z", "time": 4}}, {"model": "timetracking.tracking", "pk": 52, "fields": {"project_id": 3, "user_id": 1, "start": "2018-03-01T19:22:00.704Z", "stop": "2018-03-01T19:36:25.799Z", "time": 865}}, {"model": "timetracking.tracking", "pk": 53, "fields": {"project_id": 3, "user_id": 1, "start": "2018-03-01T19:36:48.226Z", "stop": "2018-03-01T19:49:14.541Z", "time": 746}}, {"model": "timetracking.tracking", "pk": 54, "fields": {"project_id": 4, "user_id": 1, "start": "2018-03-01T19:49:20.432Z", "stop": "2018-03-01T19:49:23.534Z", "time": 3}}, {"model": "timetracking.tracking", "pk": 55, "fields": {"project_id": 3, "user_id": 1, "start": "2018-03-01T19:49:25.850Z", "stop": "2018-03-01T19:49:40.238Z", "time": 14}}, {"model": "timetracking.tracking", "pk": 56, "fields": {"project_id": 5, "user_id": 1, "start": "2018-03-01T19:49:40.761Z", "stop": "2018-03-01T19:49:44.178Z", "time": 3}}, {"model": "timetracking.tracking", "pk": 57, "fields": {"project_id": 3, "user_id": 1, "start": "2018-03-01T19:49:45.010Z", "stop": "2018-03-01T19:53:32.715Z", "time": 227}}, {"model": "timetracking.tracking", "pk": 58, "fields": {"project_id": 5, "user_id": 1, "start": "2018-03-01T19:53:33.367Z", "stop": "2018-03-01T19:54:42.068Z", "time": 68}}, {"model": "timetracking.tracking", "pk": 59, "fields": {"project_id": 3, "user_id": 1, "start": "2018-03-01T19:54:51.067Z", "stop": "2018-03-01T20:34:55.695Z", "time": 2404}}, {"model": "timetracking.tracking", "pk": 60, "fields": {"project_id": 3, "user_id": 1, "start": "2018-03-01T20:35:01.454Z", "stop": "2018-03-01T20:35:16.538Z", "time": 15}}, {"model": "timetracking.tracking", "pk": 61, "fields": {"project_id": 3, "user_id": 1, "start": "2018-03-01T20:35:20.846Z", "stop": "2018-03-01T20:40:07.326Z", "time": 286}}, {"model": "timetracking.tracking", "pk": 62, "fields": {"project_id": 3, "user_id": 1, "start": "2018-03-01T20:40:14.743Z", "stop": "2018-03-01T20:55:35.083Z", "time": 920}}, {"model": "timetracking.tracking", "pk": 63, "fields": {"project_id": 3, "user_id": 1, "start": "2018-03-01T20:58:05.173Z", "stop": "2018-03-02T11:09:35.646Z", "time": 51090}}, {"model": "timetracking.tracking", "pk": 64, "fields": {"project_id": 6, "user_id": 1, "start": "2018-03-02T11:12:05.499Z", "stop": "2018-03-02T11:33:45.657Z", "time": 1300}}, {"model": "timetracking.tracking", "pk": 65, "fields": {"project_id": 1, "user_id": 1, "start": "2018-03-02T11:33:45.701Z", "stop": "2018-03-02T11:54:21.653Z", "time": 1235}}, {"model": "timetracking.tracking", "pk": 66, "fields": {"project_id": 3, "user_id": 1, "start": "2018-03-02T11:54:25.802Z", "stop": "2018-03-02T12:06:54.182Z", "time": 748}}, {"model": "timetracking.tracking", "pk": 67, "fields": {"project_id": 3, "user_id": 1, "start": "2018-03-02T12:06:56.880Z", "stop": "2018-03-02T12:34:28.626Z", "time": 1651}}, {"model": "timetracking.tracking", "pk": 68, "fields": {"project_id": 1, "user_id": 1, "start": "2018-03-02T12:34:32.319Z", "stop": "2018-03-02T12:36:56.499Z", "time": 144}}, {"model": "timetracking.tracking", "pk": 69, "fields": {"project_id": 6, "user_id": 1, "start": "2018-03-02T12:38:34.680Z", "stop": "2018-03-02T13:11:40.198Z", "time": 1985}}, {"model": "timetracking.tracking", "pk": 70, "fields": {"project_id": 6, "user_id": 1, "start": "2018-03-05T18:01:10.308Z", "stop": "2018-03-05T18:01:20.997Z", "time": 10}}, {"model": "timetracking.tracking", "pk": 71, "fields": {"project_id": 6, "user_id": 1, "start": "2018-03-05T18:01:25.025Z", "stop": "2018-03-05T18:07:11.514Z", "time": 346}}, {"model": "timetracking.tracking", "pk": 72, "fields": {"project_id": 3, "user_id": 1, "start": "2018-03-05T18:20:01.641Z", "stop": "2018-03-05T18:20:01.719Z", "time": 0}}, {"model": "timetracking.tracking", "pk": 73, "fields": {"project_id": 3, "user_id": 1, "start": "2018-03-06T17:54:45.701Z", "stop": "2018-03-06T18:00:52.680Z", "time": 366}}, {"model": "timetracking.tracking", "pk": 74, "fields": {"project_id": 3, "user_id": 1, "start": "2018-03-06T18:00:58.797Z", "stop": "2018-03-06T20:26:50.405Z", "time": 8751}}, {"model": "timetracking.tracking", "pk": 75, "fields": {"project_id": 7, "user_id": 1, "start": "2018-03-07T19:00:41.787Z", "stop": "2018-03-07T19:00:42.194Z", "time": 0}}, {"model": "timetracking.tracking", "pk": 76, "fields": {"project_id": 8, "user_id": 1, "start": "2018-03-07T19:00:45.904Z", "stop": "2018-03-07T19:00:47.864Z", "time": 1}}, {"model": "timetracking.tracking", "pk": 77, "fields": {"project_id": 7, "user_id": 1, "start": "2018-03-07T19:00:56.447Z", "stop": "2018-03-07T19:42:01.527Z", "time": 2465}}, {"model": "timetracking.tracking", "pk": 78, "fields": {"project_id": 8, "user_id": 1, "start": "2018-03-07T19:42:34.863Z", "stop": "2018-03-07T19:42:53.158Z", "time": 18}}, {"model": "timetracking.tracking", "pk": 79, "fields": {"project_id": 8, "user_id": 1, "start": "2018-03-07T19:43:09.901Z", "stop": "2018-03-07T21:17:00.312Z", "time": 5630}}, {"model": "timetracking.tracking", "pk": 80, "fields": {"project_id": 8, "user_id": 1, "start": "2018-03-08T20:25:54.407Z", "stop": "2018-03-08T21:19:45.383Z", "time": 3230}}, {"model": "timetracking.tracking", "pk": 81, "fields": {"project_id": 3, "user_id": 1, "start": "2018-03-11T11:35:47.231Z", "stop": "2018-03-11T14:17:20.679Z", "time": 9693}}, {"model": "timetracking.tracking", "pk": 82, "fields": {"project_id": 3, "user_id": 1, "start": "2018-03-11T14:36:21.446Z", "stop": "2018-03-11T16:36:07.885Z", "time": 7186}}, {"model": "timetracking.tracking", "pk": 83, "fields": {"project_id": 9, "user_id": 2, "start": "2018-03-11T16:31:12.552Z", "stop": "2018-03-11T16:37:55.297Z", "time": 402}}, {"model": "timetracking.tracking", "pk": 84, "fields": {"project_id": 2, "user_id": 1, "start": "2018-03-11T16:36:08.574Z", "stop": "2018-03-11T16:37:48.407Z", "time": 99}}, {"model": "timetracking.tracking", "pk": 85, "fields": {"project_id": 3, "user_id": 1, "start": "2018-03-11T16:37:49.138Z", "stop": "2018-03-11T16:55:29.081Z", "time": 1059}}, {"model": "timetracking.tracking", "pk": 86, "fields": {"project_id": 9, "user_id": 2, "start": "2018-03-11T16:37:57.785Z", "stop": "2018-03-11T16:54:55.136Z", "time": 1017}}, {"model": "timetracking.tracking", "pk": 87, "fields": {"project_id": 7, "user_id": 2, "start": "2018-03-11T16:54:56.452Z", "stop": "2018-03-11T17:02:01.551Z", "time": 425}}, {"model": "timetracking.tracking", "pk": 88, "fields": {"project_id": 9, "user_id": 2, "start": "2018-03-11T17:02:02.758Z", "stop": null, "time": null}}, {"model": "timetracking.tracking", "pk": 89, "fields": {"project_id": 3, "user_id": 1, "start": "2018-03-11T18:01:46.639Z", "stop": "2018-03-11T18:05:32.088Z", "time": 225}}, {"model": "timetracking.tracking", "pk": 90, "fields": {"project_id": 3, "user_id": 1, "start": "2018-03-11T18:14:07.699Z", "stop": "2018-03-11T20:05:44.309Z", "time": 6696}}, {"model": "timetracking.tracking", "pk": 91, "fields": {"project_id": 7, "user_id": 1, "start": "2018-03-12T08:01:32.964Z", "stop": "2018-03-12T09:47:00.968Z", "time": 6328}}, {"model": "timetracking.tracking", "pk": 92, "fields": {"project_id": 3, "user_id": 1, "start": "2018-03-12T13:31:44.614Z", "stop": "2018-03-12T14:01:13.715Z", "time": 1769}}, {"model": "timetracking.tracking", "pk": 93, "fields": {"project_id": 7, "user_id": 1, "start": "2018-03-13T17:57:31.704Z", "stop": "2018-03-13T18:23:34.816Z", "time": 1563}}, {"model": "timetracking.tracking", "pk": 94, "fields": {"project_id": 7, "user_id": 1, "start": "2018-03-15T18:37:11.583Z", "stop": "2018-03-15T18:37:11.993Z", "time": 0}}, {"model": "timetracking.tracking", "pk": 95, "fields": {"project_id": 7, "user_id": 1, "start": "2018-03-15T18:42:07.940Z", "stop": "2018-03-15T18:42:11.825Z", "time": 3}}, {"model": "timetracking.userproject", "pk": 9, "fields": {"project": 9, "user": 2}}, {"model": "timetracking.userproject", "pk": 11, "fields": {"project": 1, "user": 1}}, {"model": "timetracking.userproject", "pk": 12, "fields": {"project": 2, "user": 1}}, {"model": "timetracking.userproject", "pk": 13, "fields": {"project": 3, "user": 1}}, {"model": "timetracking.userproject", "pk": 14, "fields": {"project": 6, "user": 1}}, {"model": "timetracking.userproject", "pk": 15, "fields": {"project": 7, "user": 1}}, {"model": "timetracking.userproject", "pk": 16, "fields": {"project": 8, "user": 1}}]